id,first_name,last_name,age,city,budget,fuel_preference,transmission_preference,preferred_seller
00001,Andrei,Popescu,29,Bucuresti,850000,Diesel,Manual,Individual
00002,Maria,Ionescu,35,Cluj-Napoca,1200000,Petrol,Automatic,Dealer
00003,Vlad,Dumitrescu,42,Timisoara,450000,Diesel,Manual,Individual
00004,Ioana,Marin,31,Brasov,2000000,Hybrid,Automatic,Dealer
00005,George,Petrescu,27,Iasi,600000,Petrol,Manual,Individual
00006,Elena,Stan,24,Constanta,750000,Diesel,Manual,Individual
00007,Robert,Mihai,38,Sibiu,5000000,Electric,Automatic,Dealer
00008,Alina,Iliescu,33,Bacau,950000,Petrol,Automatic,Dealer
00009,Daniel,Stoica,45,Craiova,700000,Diesel,Manual,Individual
00010,Alexandra,Enache,30,Pitesti,1100000,Hybrid,Automatic,Dealer
00011,Paul,Radu,28,Ploiesti,800000,Petrol,Manual,Individual
00012,Irina,Voicu,40,Galati,1400000,Diesel,Automatic,Dealer
00013,Florin,Popa,36,Oradea,1000000,Diesel,Manual,Individual
00014,Laura,Sandu,26,Arad,750000,Petrol,Automatic,Individual
00015,Mihai,Barbu,34,Braila,950000,Diesel,Manual,Dealer
00016,Denisa,Pop,22,Suceava,600000,Petrol,Manual,Individual
00017,Cristian,Moldovan,41,Bistrita,1800000,Hybrid,Automatic,Dealer
00018,Adela,Toma,37,Satu Mare,3200000,Electric,Automatic,Dealer
00019,Victor,Neagu,32,Alba Iulia,900000,Diesel,Manual,Individual
00020,Teodora,Georgescu,25,Targu Mures,850000,Petrol,Automatic,Individual
00021,Adrian,Dragomir,39,Deva,1100000,Diesel,Manual,Dealer
00022,Silvia,Ciobanu,29,Tulcea,900000,Petrol,Automatic,Dealer
00023,Ciprian,Voinea,44,Focsani,2500000,Hybrid,Automatic,Dealer
00024,Larisa,Dobre,27,Ramnicu Valcea,950000,Diesel,Manual,Individual
00025,Valentin,Balan,31,Botosani,1000000,Petrol,Manual,Individual
00026,Oana,Muresan,33,Resita,1200000,Diesel,Automatic,Dealer
00027,Emil,Cozma,37,Baia Mare,2700000,Hybrid,Automatic,Dealer
00028,Monica,Diaconu,24,Targu Jiu,700000,Petrol,Manual,Individual
00029,Razvan,Stanciu,40,Piatra Neamt,1300000,Diesel,Manual,Dealer
00030,Simona,Filip,26,Giurgiu,850000,Petrol,Automatic,Individual
00031,Lucian,Petcu,43,Bucuresti,4200000,Diesel,Automatic,Dealer
00032,Anca,Voinea,28,Cluj-Napoca,1600000,Hybrid,Automatic,Dealer
00033,Costin,Enescu,35,Brasov,950000,Petrol,Manual,Individual
00034,Mirela,Sima,30,Constanta,1300000,Diesel,Manual,Dealer
00035,Octavian,Dima,38,Sibiu,3500000,Electric,Automatic,Dealer
00036,Corina,Tudor,24,Ploiesti,600000,Petrol,Manual,Individual
00037,Ionut,Alexandrescu,41,Iasi,1750000,Diesel,Manual,Dealer
00038,Mihaela,Georgescu,33,Craiova,2500000,Hybrid,Automatic,Dealer
00039,Radu,Preda,29,Timisoara,900000,Petrol,Manual,Individual
00040,Nicoleta,Moraru,31,Oradea,3100000,Electric,Automatic,Dealer
00041,Petre,Iacob,48,Braila,90000,Petrol,Manual,Individual
00042,Mariana,Vlad,52,Bacau,120000,Diesel,Manual,Individual
00043,Gabriel,Pop,27,Targoviste,150000,Petrol,Manual,Individual
00044,Anisoara,Dumitru,34,Galati,60000,Petrol,Manual,Individual
00045,Nicolae,Tanase,45,Suceava,95000,Diesel,Manual,Individual
00046,Elisabeta,Serban,29,Botosani,80000,Petrol,Manual,Individual
00047,Mircea,Cristea,39,Braila,100000,Diesel,Manual,Individual
00048,Valeriu,Petrescu,41,Iasi,150000,Petrol,Manual,Individual
00049,Georgiana,Neacsu,25,Cluj-Napoca,70000,Petrol,Manual,Individual
00050,Claudiu,Stanescu,33,Pitesti,180000,Diesel,Manual,Individual
00051,Adela,Mitroi,34,Bucuresti,1200000,Petrol,Manual,Individual
00052,Cosmin,Serban,28,Cluj-Napoca,900000,Diesel,Manual,Dealer
00053,Bianca,Iurian,31,Timisoara,1500000,Hybrid,Automatic,Dealer
00054,Marcel,Antonescu,45,Brasov,700000,Petrol,Manual,Individual
00055,Teodora,Rus,26,Iasi,650000,Diesel,Manual,Individual
00056,Sorin,Niculescu,39,Constanta,2000000,Electric,Automatic,Dealer
00057,Ana,Dragos,30,Sibiu,1000000,Petrol,Automatic,Dealer
00058,Gabriel,Ciorbea,42,Bacau,750000,Diesel,Manual,Individual
00059,Ruxandra,Teaca,33,Craiova,1100000,Hybrid,Automatic,Dealer
00060,Stefan,Oprea,29,Pitesti,800000,Petrol,Manual,Individual
00061,Claudia,Vasile,37,Ploiesti,1300000,Diesel,Automatic,Dealer
00062,Lucian,Enache,41,Galati,2000000,Electric,Automatic,Dealer
00063,Denis,Tomescu,25,Oradea,500000,Petrol,Manual,Individual
00064,Mara,Ignat,34,Braila,900000,Diesel,Manual,Dealer
00065,Marius,Stroe,38,Suceava,1000000,Hybrid,Automatic,Dealer
00066,Sabina,Prunea,27,Targu Mures,700000,Petrol,Automatic,Individual
00067,Eduard,Cojocaru,43,Deva,1500000,Diesel,Manual,Dealer
00068,Laura,Simion,32,Tulcea,850000,Petrol,Manual,Individual
00069,Darius,Craciun,46,Focsani,1200000,Diesel,Manual,Individual
00070,Patricia,Avram,28,Ramnicu Valcea,650000,Petrol,Manual,Individual
00071,Alex,Catana,36,Botosani,1400000,Diesel,Automatic,Dealer
00072,Ilinca,Manu,30,Resita,1250000,Hybrid,Automatic,Dealer
00073,Rafael,Costea,40,Baia Mare,1800000,Electric,Automatic,Dealer
00074,Nicoleta,Grama,35,Targu Jiu,900000,Petrol,Manual,Individual
00075,Victor,Hodor,33,Piatra Neamt,1100000,Diesel,Manual,Dealer
00076,Sonia,Melinte,24,Giurgiu,600000,Petrol,Automatic,Individual
00077,David,Bogdan,26,Cluj-Napoca,750000,Diesel,Manual,Individual
00078,Iulia,Lazar,29,Bucuresti,850000,Hybrid,Automatic,Dealer
00079,Mihnea,Savu,34,Timisoara,900000,Petrol,Manual,Individual
00080,Veronica,Dinu,38,Brasov,2000000,Electric,Automatic,Dealer
00081,Ovidiu,Grecu,41,Iasi,1300000,Diesel,Manual,Dealer
00082,Elena,Badea,27,Constanta,700000,Petrol,Manual,Individual
00083,Silviu,Voicu,45,Sibiu,1000000,Diesel,Manual,Individual
00084,Andra,Sorescu,31,Bacau,1500000,Hybrid,Automatic,Dealer
00085,Robert,Berbecaru,37,Craiova,780000,Petrol,Manual,Individual
00086,Teo,Damian,39,Pitesti,900000,Diesel,Manual,Dealer
00087,Andreea,Ciucu,33,Ploiesti,1250000,Electric,Automatic,Dealer
00088,Cristi,Nedelcu,28,Galati,650000,Petrol,Automatic,Individual
00089,Monica,Turcu,42,Oradea,1100000,Diesel,Manual,Individual
00090,George,Pintilie,36,Braila,850000,Petrol,Manual,Individual
00091,Simona,Albu,29,Suceava,680000,Diesel,Manual,Dealer
00092,Rares,Cumpanasu,44,Targu Mures,2100000,Hybrid,Automatic,Dealer
00093,Ioana,Roman,27,Deva,900000,Petrol,Automatic,Individual
00094,Tudor,Ilie,30,Tulcea,1000000,Diesel,Manual,Individual
00095,Alexandra,Crina,35,Focsani,750000,Petrol,Manual,Individual
00096,Sergiu,Marinescu,41,Ramnicu Valcea,1700000,Electric,Automatic,Dealer
00097,Diana,Varga,32,Botosani,800000,Petrol,Manual,Individual
00098,Catalin,Miron,39,Resita,950000,Diesel,Manual,Dealer
00099,Elisa,Nistor,26,Baia Mare,600000,Petrol,Automatic,Individual
00100,Bogdan,Petrean,34,Targu Jiu,1400000,Hybrid,Automatic,Dealer
